{"packFileHash":{"type":"sha256","value":"e121114052fdde432e43d443433b33617748273be527c8f4c7dfefcc96b089f1"},"indexFileHash":{"type":"sha256","value":"539980c4c8692f7f13280923dcf6ad58dbda93426625f3164e10c673361cd35b"},"cachedFiles":{"mods/modmenu.pw.toml":{"hash":{"type":"sha256","value":"09eb7db3ca7778d91ad66845e41b6b4814655fe375a05d4a69528c74b4f1c8af"},"linkedFileHash":{"type":"sha1","value":"495674289dcba88b6df3d86b7590c7b192b993fe"},"cachedLocation":"mods/modmenu-4.1.2.jar","optionValue":true},"mods/lambdynamiclights.pw.toml":{"hash":{"type":"sha256","value":"8fb914c75a06a677721dd1fc880606d790886be9e0b392820dcecb9bb56e0786"},"linkedFileHash":{"type":"sha1","value":"0f2b1a29beb9521e11046f76674d78ddc86e1371"},"cachedLocation":"mods/lambdynamiclights-2.1.2+1.19.jar","optionValue":true},"mods/sdlink.pw.toml":{"optionValue":true,"onlyOtherSide":true},"mods/create-fabric.pw.toml":{"hash":{"type":"sha256","value":"bea3f779d2e95cf593b9efd67d7ee71886bfddc5bc8ac5585245e0f09055b5cb"},"linkedFileHash":{"type":"sha1","value":"280192d5e45bb9b8bf06e3c10e723d3d976a60d1"},"cachedLocation":"mods/create-fabric-0.5.0g-796+1.19.2.jar","optionValue":true},"mods/starlight.pw.toml":{"hash":{"type":"sha256","value":"be68ef606c339bbb22f2b812db1e5264d9e3335befc0c348d4dc91a8a3e72e17"},"linkedFileHash":{"type":"sha1","value":"de6fe932555604345477db89b59d59249909c640"},"cachedLocation":"mods/starlight-1.1.1+fabric.ae22326.jar","optionValue":true},"mods/fabric-api.pw.toml":{"hash":{"type":"sha256","value":"7ff7400593d767a9a44f67e8fbdf410a71b8dfda371ec47c30f3380ff551617a"},"linkedFileHash":{"type":"sha1","value":"91ccd8078d374160dcbe176512b203fbd3a5e923"},"cachedLocation":"mods/fabric-api-0.69.0+1.19.2.jar","optionValue":true},"mods/mouse-wheelie.pw.toml":{"hash":{"type":"sha256","value":"509e5fceb5ca7626d953238a57de458e73798464a1bd878df6ca956eedff2781"},"linkedFileHash":{"type":"sha1","value":"73ed1274d03bfd8471f100b27b638f384ba92e1f"},"cachedLocation":"mods/mousewheelie-1.10.6+mc1.19.2.jar","optionValue":true},"mods/sound-physics-remastered.pw.toml":{"hash":{"type":"sha256","value":"08d9f157fea976ba8e7a20ebfce995fe5419ebddf581fcdab079aaceb33053e3"},"linkedFileHash":{"type":"sha1","value":"1708d7578def69d41fc019534b0c5b5fd6bbc1d9"},"cachedLocation":"mods/soundphysics-fabric-1.19.2-1.0.18.jar","optionValue":true},"mods/carpet.pw.toml":{"hash":{"type":"sha256","value":"3d89448c7689702ee772d9d1a5119dc7f47facdf8adf0d780804fda257d6671a"},"linkedFileHash":{"type":"sha1","value":"9a88c3a004b15b1f776c988d8eae1cc191b4fbee"},"cachedLocation":"mods/fabric-carpet-1.19.2-1.4.84+v221018.jar","optionValue":true},"mods/lithium.pw.toml":{"hash":{"type":"sha256","value":"a317e0de4cd8515129f88831f220e733cbd50b7bcef4c3213d8748b42b2b0e9e"},"linkedFileHash":{"type":"sha1","value":"8ff81f60681521e96b403fc3dd095f5c64b15745"},"cachedLocation":"mods/lithium-fabric-mc1.19.2-0.10.4.jar","optionValue":true},"mods/simple-voice-chat.pw.toml":{"hash":{"type":"sha256","value":"3d129e62a53211c2dcb30ffdddb8e4a7eb3cb1c8f2d7f9d491ea1e41a245c718"},"linkedFileHash":{"type":"sha1","value":"b1a1ecafe2662d597b08225b845f2067cec2abec"},"cachedLocation":"mods/voicechat-fabric-1.19.2-2.3.24.jar","optionValue":true},"mods/sodium.pw.toml":{"hash":{"type":"sha256","value":"aa4dcf55ac3191b0b31437521714c1d28364c3396cf06ef07fa76a08488c1837"},"linkedFileHash":{"type":"sha1","value":"227648dc4f6a8604bafc282612a6de47eff70cd8"},"cachedLocation":"mods/sodium-fabric-mc1.19.2-0.4.4+build.18.jar","optionValue":true},"mods/antighost.pw.toml":{"hash":{"type":"sha256","value":"242e18d68cb8d218df43e713e97239631f8612384789068659c4898cfa49fcef"},"linkedFileHash":{"type":"sha1","value":"de93b03bbb5d5673d5b7a48e1b4ebb25a7353ce8"},"cachedLocation":"mods/antighost-1.19.1-fabric0.58.5-1.1.5.jar","optionValue":true},"mods/indium.pw.toml":{"hash":{"type":"sha256","value":"e8168531c092676d47cac3657bfc525f096f11ff5372ce6e322ad57778b81635"},"linkedFileHash":{"type":"sha1","value":"a74ab16af990cf55dd1a3b5c76eadfc9ca25e25e"},"cachedLocation":"mods/indium-1.0.9+mc1.19.2.jar","optionValue":true},"mods/iris.pw.toml":{"hash":{"type":"sha256","value":"b6567c077d73ed0956dcd849e5875ada50435322cddc1b7db9595a6884ef5a08"},"linkedFileHash":{"type":"sha1","value":"d3ce7b31222b386ae8d776c4112605976abcbe4a"},"cachedLocation":"mods/iris-mc1.19.2-1.4.5.jar","optionValue":true}},"cachedSide":"client"}