{"packFileHash":{"type":"sha256","value":"d372c43a156d42f10f532abdc258fb1696b902332f648ecdc2d35c684a7cdf62"},"indexFileHash":{"type":"sha256","value":"8a95fa8bb4da14c49a870bc1fba2ffbc34099ddb0c5e12ffed0bf4ec49321d4e"},"cachedFiles":{"mods/plasmo-voice.pw.toml":{"hash":{"type":"sha256","value":"814b7eba555ba7ae027ca4bb1cd2b2a9b153b95fca5d0246c6d7b791b489c937"},"linkedFileHash":{"type":"sha1","value":"97bdd09cee79099eab41916a5c7b67f2c59225f8"},"cachedLocation":"mods/plasmovoice-fabric-1.19.1-1.2.19.jar","optionValue":true},"mods/lambdynamiclights.pw.toml":{"hash":{"type":"sha256","value":"8fb914c75a06a677721dd1fc880606d790886be9e0b392820dcecb9bb56e0786"},"linkedFileHash":{"type":"sha1","value":"0f2b1a29beb9521e11046f76674d78ddc86e1371"},"cachedLocation":"mods/lambdynamiclights-2.1.2+1.19.jar","optionValue":true},"mods/modmenu.pw.toml":{"hash":{"type":"sha256","value":"24b56cdea0d96fc1b03b8cb6e6bb4b600c6fe730f7cd86e84004d100779ad5a1"},"linkedFileHash":{"type":"sha1","value":"9035d55b5d77ef4746aaf7fa0645e84927c76c57"},"cachedLocation":"mods/modmenu-4.0.6.jar","optionValue":true},"mods/sodium.pw.toml":{"hash":{"type":"sha256","value":"aa4dcf55ac3191b0b31437521714c1d28364c3396cf06ef07fa76a08488c1837"},"linkedFileHash":{"type":"sha1","value":"227648dc4f6a8604bafc282612a6de47eff70cd8"},"cachedLocation":"mods/sodium-fabric-mc1.19.2-0.4.4+build.18.jar","optionValue":true},"mods/antighost.pw.toml":{"hash":{"type":"sha256","value":"242e18d68cb8d218df43e713e97239631f8612384789068659c4898cfa49fcef"},"linkedFileHash":{"type":"sha1","value":"de93b03bbb5d5673d5b7a48e1b4ebb25a7353ce8"},"cachedLocation":"mods/antighost-1.19.1-fabric0.58.5-1.1.5.jar","optionValue":true},"mods/starlight.pw.toml":{"hash":{"type":"sha256","value":"be68ef606c339bbb22f2b812db1e5264d9e3335befc0c348d4dc91a8a3e72e17"},"linkedFileHash":{"type":"sha1","value":"de6fe932555604345477db89b59d59249909c640"},"cachedLocation":"mods/starlight-1.1.1+fabric.ae22326.jar","optionValue":true},"mods/fabric-api.pw.toml":{"hash":{"type":"sha256","value":"049b71ecdbd76be84b4b2bd362aeb561e3d3c8b6415ec8726182631c3ef671e0"},"linkedFileHash":{"type":"sha1","value":"33bcdba60c1f4b201f8033da1a287de970928101"},"cachedLocation":"mods/fabric-api-0.61.0+1.19.2.jar","optionValue":true},"mods/sound-physics-remastered.pw.toml":{"hash":{"type":"sha256","value":"198284d31961c9e8a26c154c30ee2e7abe818eed5a5bc9d6f4a77a09456d29b5"},"linkedFileHash":{"type":"sha1","value":"9cccab0a5cfe9b75987c61983743a9a449b994a8"},"cachedLocation":"mods/soundphysics-fabric-1.19.2-1.0.15.jar","optionValue":true},"mods/indium.pw.toml":{"hash":{"type":"sha256","value":"e8168531c092676d47cac3657bfc525f096f11ff5372ce6e322ad57778b81635"},"linkedFileHash":{"type":"sha1","value":"a74ab16af990cf55dd1a3b5c76eadfc9ca25e25e"},"cachedLocation":"mods/indium-1.0.9+mc1.19.2.jar","optionValue":true},"mods/iris.pw.toml":{"hash":{"type":"sha256","value":"c3abf99ceae59c52190eff3132d949073ef39594ce38a0e90a98eca835a0efc4"},"linkedFileHash":{"type":"sha1","value":"d48f9bbc13989367629b85a785d0ff227b63dc5e"},"cachedLocation":"mods/iris-mc1.19.2-1.3.1.jar","optionValue":true},"mods/lithium.pw.toml":{"hash":{"type":"sha256","value":"7cc268ba8c316a732881e631e00db7cf8db0891f24155475db0a4e88840cdfe8"},"linkedFileHash":{"type":"sha1","value":"2b7ac2bb11944ebb77441539fa2a8a3f84e4ead1"},"cachedLocation":"mods/lithium-fabric-mc1.19.2-0.8.3.jar","optionValue":true},"mods/sdlink.pw.toml":{"optionValue":true,"onlyOtherSide":true}},"cachedSide":"client"}